{"train/loss": 0.0469, "train/learning_rate": 0.0, "train/epoch": 1.0, "train/global_step": 9339, "_timestamp": 1712127445.1675348, "_runtime": 10813.903022766113, "_step": 9339, "train/train_runtime": 10815.4299, "train/train_samples_per_second": 0.863, "train/train_steps_per_second": 0.863, "train/total_flos": 1.5560600526991565e+17, "train/train_loss": 0.09508674811619196, "_wandb": {"runtime": 10813}}