{"train/loss": 0.8566, "train/learning_rate": 0.0, "train/epoch": 1.0, "train/global_step": 9339, "_timestamp": 1712135793.2227328, "_runtime": 8008.856204748154, "_step": 9339, "train/train_runtime": 8010.7714, "train/train_samples_per_second": 1.166, "train/train_steps_per_second": 1.166, "train/total_flos": 4.947130736549069e+16, "train/train_loss": 1.0855270608946372, "_wandb": {"runtime": 8008}}